CASRN	Agent [CAS No.]	Time-Weighted Average Limit (TWA)	Short-Term Exposure Limit (STEL)	Ceiling Limit (C)	Notations
					
34590-94-8	(2-Methoxymethylethoxy) propanol (DPGME) [34590-94-8] 	100 ppm	150 ppm		Skin
106-94-5	1-Bromopropane [106-94-5] 	10 ppm	 		 
600-25-9	1-Chloro-1-nitropropane [600-25-9] 	2 ppm	 		 
127-00-4; 78-89-7	1-Chloro-2-propanol [127-00-4] and 2-Chloro-1-propanol [78-89-7]	1 ppm	 		Skin
592-41-6	1-Hexene [592-41-6] 	50 ppm	 		 
107-98-2	1-Methoxy-2-propanol (PGME) [107-98-2] 	100 ppm	150 ppm		 
90-12-0; 91-57-6	1-Methyl naphthalene [90-12-0] and 2-Methyl naphthalene [91-57-6]	0.5 ppm	 		Skin 
108-03-2	1-Nitropropane [108-03-2] 	25 ppm	 		 
594-72-9	1,1-Dichloro-1-nitroethane [594-72-9] 	2 ppm	 		 
75-34-3	1,1-Dichloroethane [75-34-3] 	100 ppm	 		 
57-14-7	1,1-Dimethylhydrazine [57-14-7] 	0.01 ppm	 		Skin
76-11-9	1,1,1,2-Tetrachloro-2,2-difluoroethane [76-11-9] 	100 ppm	 		 
76-13-1	1,1,2-Trichloro-1,2,2-trifluoroethane [76-13-1] 	1000 ppm	1250 ppm		 
79-00-5	1,1,2-Trichloroethane [79-00-5] 	10 ppm	 		Skin
79-27-6	1,1,2,2-Tetrabromoethane [79-27-6]	0.1 ppm 	 		 
76-12-0	1,1,2,2-Tetrachloro-1,2-difluoroethane [76-12-0] 	50 ppm	 		 
79-34-5	1,1,2,2-Tetrachloroethane [79-34-5] 	1 ppm	 		Skin
540-59-0; 156-59-2; 156-60-5	1,2-Dichloroethylene, All isomers [540-59-0; 156-59-2; 156-60-5]	200 ppm	 		 
57-55-6	1,2-Propylene glycol [57-55-6]	50 ppm 	 		 
96-18-4	1,2,3-Trichloropropane [96-18-4] 	10 ppm	 		Skin
120-82-1	1,2,4-Trichlorobenzene [120-82-1] 	 		5 ppm	 
106-99-0	1,3-Butadiene [106-99-0] 	2 ppm	 		 
96-23-1	1,3-Dichloro-2-Propanol [96-23-1]	 	1 ppm		Skin
118-52-5	1,3-Dichloro-5,5-dimethyl hydantoin [118-52-5] 	0.2 mg/m3	0.4 mg/m3		 
542-75-6	1,3-Dichloropropene [542-75-6] 	1 ppm	 		Skin
646-06-0	1,3-Dioxolane [646-06-0] 	20 ppm	 		 
2451-62-9	1,3,5-Triglycidyl-s-triazinetrione [2451-62-9] 	0.05 mg/m3	 		 
764-41-0	1,4-Dichloro-2-butene [764-41-0] 	0.005 ppm	 		Skin
123-91-1	1,4-Dioxane [123-91-1] 	20 ppm	 		Skin
124-09-4	1,6-Hexanediamine [124-09-4] 	0.5 ppm	 		 
	140 Degree F Flash Aliphatic Solvent, Type of Stoddard Solvent	525 mg/m3	 		 
504-29-0	2-Aminopyridine [504-29-0] 	0.5 ppm	 		 
111-76-2	2-Butoxyethanol (EGBE) [111-76-2]	20 ppm	 		 
112-07-2	2-Butoxyethyl acetate (EGBEA) [112-07-2] 	20 ppm	 		 
532-27-4	2-Chloroacetophenone [532-27-4] 	0.05 ppm	 		 
598-78-7	2-Chloropropionic acid [598-78-7] 	0.1 ppm	 		Skin
100-37-8	2-Diethylaminoethanol [100-37-8] 	2 ppm	 		Skin
110-80-5	2-Ethoxyethanol (EGEE) [110-80-5] 	5 ppm	 		Skin
111-15-9	2-Ethoxyethyl acetate (EGEEA) [111-15-9] 	5 ppm	 		Skin
149-57-5	2-Ethylhexanoic acid [149-57-5] 	5 mg/m3 	 		 
999-61-1	2-Hydroxypropyl acrylate [999-61-1] 	0.5 ppm	 		Skin
109-59-1	2-Isopropoxyethanol [109-59-1] 	25 ppm	 		Skin
109-86-4	2-Methoxyethanol (EGME) [109-86-4] 	0.1 ppm	 		Skin
110-49-6	2-Methoxyethyl acetate (EGMEA) [110-49-6] 	0.1 ppm	 		Skin
12108-13-3	2-Methylcyclopentadienyl manganese tricarbonyl [12108-13-3], as Mn	0.2 mg/m3	 		Skin
102-81-8	2-N-Dibutylaminoethanol [102-81-8] 	0.5 ppm	 		Skin
79-46-9	2-Nitropropane [79-46-9] 	10 ppm	 		 
122-99-6	2-Phenoxyethanol [122-99-6] 	25 ppm	 		Skin
67-63-0	2-Propanol [67-63-0]	200 ppm	400 ppm		 
75-99-0	2,2-Dichloropropionic acid [75-99-0]	5 mg/m3	 		 
94-75-7	2,4-D [94-75-7]	10 mg/m3	 		 
123-54-6	2,4-Pentanedione [123-54-6]	25 ppm	 		Skin
93-76-5	2,4,5-T [93-76-5] 	10 mg/m3	 		 
118-96-7	2,4,6-Trinitrotoluene (TNT) [118-96-7] 	0.01 ppm	 		Skin
109-55-7	3-(Dimethylamino) propylamine [109-55-7]	0.5 ppm	 		Skin
91-94-1	3,3'-Dichlorobenzidine [91-94-1]		 		Skin
148-01-6	3,5-Dinitro-o-toluamide [148-01-6] 	1 mg/m3	 		 
92-67-1	4-Aminodiphenyl [92-67-1] 		 		Skin
150-76-5	4-Methoxyphenol [150-76-5] 	5 mg/m3	 		 
92-93-3	4-Nitrodiphenyl [92-93-3] 		 		Skin
100-40-3	4-Vinyl cyclohexene [100-40-3] 	0.1 ppm	 		 
96-69-5	4,4' Thiobis (6-tert-butyl-m-cresol) [96-69-5] 	1 mg/m3 	 		 
101-14-4	4,4'-Methylene bis(2-chloroaniline) (MBOCA; MOCA®) [101-14-4]	0.0005 ppm	 		Skin
101-77-9	4,4'-Methylene dianiline [101-77-9] 	0.04 mg/m3	 		Skin 
99-55-8	5-Nitro-o-toluidine [99-55-8]	1 mg/m3 	 		 
75-07-0	Acetaldehyde [75-07-0] 	 		25 ppm	 
64-19-7	Acetic acid [64-19-7] 	10 ppm	15 ppm		 
108-24-7	Acetic anhydride [108-24-7] 	1 ppm	3 ppm		 
67-64-1	Acetone [67-64-1] 	500 ppm	750 ppm		 
75-86-5	Acetone cyanohydrin [75-86-5], as CN 	 		5 mg/m3	Skin 
75-05-8	Acetonitrile [75-05-8] 	20 ppm	 		Skin
98-86-2	Acetophenone [98-86-2] 	10 ppm	 		 
74-86-2	Acetylene [74-86-2] 				 
50-78-2	Acetylsalicylic acid (Aspirin) [50-78-2] 	5 mg/m3	 		 
107-02-8	Acrolein [107-02-8] 	 		0.1 ppm	Skin
79-06-1	Acrylamide [79-06-1] 	0.03 mg/m3 	 		Skin
79-10-7	Acrylic acid [79-10-7] 	2 ppm	 		Skin
107-13-1	Acrylonitrile [107-13-1]	2 ppm		10 ppm	Skin
124-04-9	Adipic acid [124-04-9] 	5 mg/m3	 		 
111-69-3	Adiponitrile [111-69-3] 	2 ppm	 		Skin
15972-60-8	Alachlor [15972-60-8]	1 mg/m3 	 		 
309-00-2	Aldrin [309-00-2]	0.05 mg/m3 	 		Skin
106-97-8; 75-28-5	Aliphatic hydrocarbon gases Alkane [C1-C4], except Butane, All  isomers Butane, All isomers [106-97-8]; [75-28-5]	800 ppm	 		 
107-18-6	Allyl alcohol [107-18-6] 	0.5 ppm	 		Skin
107-05-1	Allyl chloride [107-05-1] 	1 ppm	2 ppm		Skin
106-92-3	Allyl glycidyl ether (AGE) [106-92-3] 	1 ppm	 		 
2179-59-1	Allyl propyl disulfide [2179-59-1] 	0.5 ppm	 		 
7429-90-5	Aluminum metal [7429-90-5] and insoluble compounds	1 mg/m3 	 		 
61-82-5	Amitrole [61-82-5]	0.2 mg/m3	 		 
7664-41-7	Ammonia [7664-41-7] 	25 ppm	35 ppm		 
12125-02-9	Ammonium chloride fume [12125-02-9] 	10 mg/m3	20 mg/m3		 
3825-26-1	Ammonium perfluorooctanoate [3825-26-1] 	0.01 mg/m3	 		Skin
7773-06-0	Ammonium sulfamate [7773-06-0] 	10 mg/m3	 		 
62-53-3	Aniline [62-53-3] 	2 ppm	 		Skin
7440-36-0	Antimony [7440-36-0] and compounds, as Sb 	0.5 mg/m3	 		 
7803-52-3	Antimony hydride [7803-52-3] 	0.1 ppm	 		 
1309-64-4	Antimony trioxide [1309-64-4] production 		 		 
86-88-4	ANTU [86-88-4] 	0.3 mg/m3	 		Skin 
7440-37-1	Argon [7440-37-1] 				 
7440-38-2	Arsenic, elemental arsenic and inorganic compounds [7440-38-2], and organic compounds (only where both inorganic and organic compounds are present), as As.	0.01 mg/m3	0.05 mg/m3		 
7784-42-1	Arsine [7784-42-1] 	0.005 ppm	 		 
1332-21-4; 77536-66-4; 12172-73-5; 77536-67-5; 132207-32-0; 12001-28-4; 77536-68-6	Asbestos - All forms [1332-21-4] Actinolite [77536-66-4] Amosite [12172-73-5] Anthophyllite [77536-67-5] Chrysotile [132207-32-0] Crocidolite [12001-28-4] Tremolite [77536-68-6]		 		 
8052-42-4	Asphalt (Bitumen) fume [8052-42-4], as benzene-soluble aerosol	0.5 mg/m3 	 		 
1912-24-9	Atrazine [1912-24-9] 	5 mg/m3	 		 
86-50-0	Azinphos-methyl [86-50-0] 	0.2 mg/m3 	 		Skin
7440-39-3	Barium [7440-39-3] and soluble compounds, as Ba	0.5 mg/m3	 		 
7727-43-7	Barium sulfate [7727-43-7] 	10 mg/m3	 		 
17804-35-2	Benomyl [17804-35-2] 	1 mg/m3 	 		 
56-55-3	Benz[a]anthracene [56-55-3] 		 		 
100-52-7	Benzaldehyde [100-52-7]	 	4 ppm		 
71-43-2	Benzene [71-43-2] 	0.5 ppm	2.5 ppm		Skin
92-87-5	Benzidine [92-87-5] 		 		Skin
50-32-8	Benzo[a]pyrene [50-32-8] 		 		 
205-99-2	Benzo[b]fluoranthene [205-99-2] 		 		 
98-07-7	Benzotrichloride [98-07-7] 	 		0.1 ppm	Skin
98-88-4	Benzoyl chloride [98-88-4] 	 		0.5 ppm	 
94-36-0	Benzoyl peroxide [94-36-0] 	5 mg/m3	 		 
140-11-4	Benzyl acetate [140-11-4]	10 ppm	 		 
100-44-7	Benzyl chloride [100-44-7] 	1 ppm	 		 
7440-41-7	Beryllium and its compounds, as Be [7440-41-7] 	0.002 mg/m3	0.01 mg/m3		 
92-52-4	Biphenyl [92-52-4] 	0.2 ppm	 		 
3033-62-3	Bis(2-dimethylaminoethyl) ether (DMAEE) [3033-62-3] 	0.05 ppm	0.15 ppm		Skin
542-88-1	bis(Chloromethyl) ether [542-88-1] 	0.001 ppm	 		 
1304-82-1	Bismuth telluride Undoped [1304-82-1] Se-doped, as Bi2Te3	5 mg/m3	 		 
1330-43-4; 1303-96-4; 10043-35-3; 12179-04-3	Borate compounds, Inorganic [1330-43-4; 1303-96-4; 10043-35-3; 12179-04-3]	2 mg/m3 	6 mg/m3		 
1303-86-2	Boron oxide [1303-86-2] 	10 mg/m3	 		 
10294-33-4	Boron tribromide [10294-33-4] 	 		1 ppm	 
7637-07-2	Boron trifluoride [7637-07-2] 	 		1 ppm	 
314-40-9	Bromacil [314-40-9] 	10 mg/m3	 		 
7726-95-6	Bromine [7726-95-6] 	0.1 ppm	0.2 ppm		 
7789-30-2	Bromine pentafluoride [7789-30-2] 	0.1 ppm	 		 
75-25-2	Bromoform [75-25-2] 	0.5 ppm	 		 
106-97-8; 75-28-5	Butane, All isomers [106-97-8; 75-28-5]	800 ppm			 
106-98-9; 107-01-7; 590-18-1; 624-64-6; 25167-67-3; 115-11-7	Butenes, All isomers [106-98-9; 107-01-7; 590-18-1; 624-64-6; 25167-67-3] Isobutene [115-11-7]	250 ppm	 		 
128-37-0	Butylated hydroxytoluene (BHT) [128-37-0]	2 mg/m3 	 		 
7440-43-9	Cadmium [7440-43-9] and compounds, as Cd	0.002 mg/m3	 		 
10043-52-4	Calcium chloride [10043-52-4]	5 mg/m3	 		 
13765-19-0	Calcium chromate [13765-19-0], as Cr 	0.001 mg/m3	 		 
156-62-7	Calcium cyanamide [156-62-7] 	0.5 mg/m3	 		 
1305-62-0	Calcium hydroxide [1305-62-0] 	5 mg/m3	 		 
1305-78-8	Calcium oxide [1305-78-8] 	2 mg/m3	 		 
1344-95-2	Calcium silicate - synthetic nonfibrous [1344-95-2]	10 mg/m3 	 		 
7778-18-9; 10034-76-1; 10101-41-4; 13397-24-5)	Calcium sulfate [7778-18-9; 10034-76-1; 10101-41-4; 13397-24-5)] 	10 mg/m3 	 		 
76-22-2	Camphor, synthetic [76-22-2] 	2 ppm	3 ppm		 
105-60-2	Caprolactam [105-60-2] 	5 mg/m3 	 		 
2425-06-1	Captafol [2425-06-1] 	0.1 mg/m3	 		Skin
133-06-2	Captan [133-06-2] 	5 mg/m3 	 		 
63-25-2	Carbaryl [63-25-2] 	0.5 mg/m3 	 		Skin 
1563-66-2	Carbofuran [1563-66-2] 	0.1 mg/m3 	 		 
1333-86-4	Carbon black [1333-86-4] 	3 mg/m3 	 		 
124-38-9	Carbon dioxide [124-38-9] 	5000 ppm	30000 ppm		 
75-15-0	Carbon disulfide [75-15-0] 	1 ppm	 		Skin
630-08-0	Carbon monoxide [630-08-0] 	25 ppm	 		 
558-13-4	Carbon tetrabromide [558-13-4] 	0.1 ppm	0.3 ppm		 
56-23-5	Carbon tetrachloride [56-23-5]	2 ppm	3 ppm		Skin
353-50-4	Carbonyl fluoride [353-50-4] 	2 ppm	5 ppm		 
120-80-9	Catechol [120-80-9] 	5 ppm	 		Skin
9004-34-6	Cellulose [9004-34-6] 	10 mg/m3	 		 
21351-79-1	Cesium hydroxide [21351-79-1] 	2 mg/m3	 		 
16291-96-6	Charcoal, except activated [16291-96-6]	10 mg/m3	 		 
57-74-9	Chlordane [57-74-9] 	0.5 mg/m3	 		Skin
8001-35-2	Chlorinated camphene [8001-35-2] 	0.5 mg/m3	1 mg/m3		Skin
55720-99-5	Chlorinated diphenyl oxides [55720-99-5]	0.5 mg/m3	2 mg/m3		 
7782-50-5	Chlorine [7782-50-5] 	0.5 ppm	1 ppm		 
10049-04-4	Chlorine dioxide [10049-04-4] 	0.1 ppm	0.3 ppm		 
7790-91-2	Chlorine trifluoride [7790-91-2] 	 		0.1 ppm	 
107-20-0	Chloroacetaldehyde [107-20-0] 	 		1 ppm	 
78-95-5	Chloroacetone [78-95-5] 	 		1 ppm	Skin
79-04-9	Chloroacetyl chloride [79-04-9] 	0.05 ppm	0.15 ppm		Skin
108-90-7	Chlorobenzene [108-90-7] 	10 ppm	 		 
74-97-5	Chlorobromomethane [74-97-5] 	200 ppm	 		 
75-45-6	Chlorodifluoromethane [75-45-6] 	1000 ppm	 		 
53469-21-9; 11097-69-1	Chlorodiphenyl (42% chlorine) [53469-21-9] Chlorodiphenyl (54% chlorine) [11097-69-1]	0.05 mg/m3			
67-66-3	Chloroform [67-66-3] 	10 ppm	 		 
107-30-2	Chloromethyl methyl ether [107-30-2] 		 		 
76-15-3	Chloropentafluoroethane [76-15-3] 	1000 ppm	 		 
76-06-2	Chloropicrin [76-06-2]	0.1 ppm	 		 
2921-88-2	Chlorpyrifos [2921-88-2] 	0.1 mg/m3 	 		Skin
	Chromite ore processing (Chromate), as Cr 	0.05 mg/m3	 		 
7440-47-3	Chromium [7440-47-3] and inorganic compounds, as Cr Metal and Cr III compounds  Water- soluble Cr VI compounds Insoluble Cr VI compounds	0.01 mg/m3 	 		 
14977-61-8	Chromyl chloride [14977-61-8] 	0.025 ppm	 		 
218-01-9	Chrysene [218-01-9] 		 		 
5392-40-5	Citral [5392-40-5] 	5 ppm 	 		Skin
2971-90-6	Clopidol [2971-90-6] 	10 mg/m3	 		 
	Coal dust Anthracite Bituminous 	0.4 mg/m3 	 		 
65996-93-2	Coal tar pitch volatiles [65996-93-2],  as benzene soluble aerosol	0.2 mg/m3	 		 
7440-48-4	Cobalt [7440-48-4] and inorganic compounds, as Co 	0.02 mg/m3	 		 
10210-68-1	Cobalt carbonyl [10210-68-1], as Co 	0.1 mg/m3	 		 
16842-03-8	Cobalt hydrocarbonyl [16842-03-8], as Co 	0.1 mg/m3	 		 
	Coke Oven Emissions1	0.15 mg/m3	 		 
7440-50-8	Copper [7440-50-8] Fume  Dusts and mists, as Cu	0.2 mg/m3 	 		 
	Cotton dust, raw, untreated	0.1 mg/m3 	 		 
56-72-4	Coumaphos [56-72-4] 	0.05 mg/m3 	 		Skin
63393-89-5	Coumarone-Indene Resins (total dust) [63393-89-5]	5 mg/m3 	 		 
1319-77-3; 95-48-7; 108-39-4; 106-44-5	Cresol, All isomers [1319-77-3; 95-48-7; 108-39-4; 106-44-5] 	20 mg/m3 	 		Skin
4170-30-3	Crotonaldehyde [4170-30-3] 	 		0.3 ppm	Skin
299-86-5	Crufomate [299-86-5] 	5 mg/m3	 		 
98-82-8	Cumene [98-82-8] 	50 ppm	 		 
420-04-2	Cyanamide [420-04-2] 	2 mg/m3	 		 
460-19-5	Cyanogen [460-19-5] 	10 ppm	 		 
506-77-4	Cyanogen chloride [506-77-4] 	 		0.3 ppm	 
110-82-7	Cyclohexane [110-82-7] 	100 ppm	 		 
108-93-0	Cyclohexanol [108-93-0] 	50 ppm	 		Skin
108-94-1	Cyclohexanone [108-94-1] 	20 ppm	50 ppm		Skin
110-83-8	Cyclohexene [110-83-8] 	300 ppm	 		 
108-91-8	Cyclohexylamine [108-91-8] 	10 ppm	 		 
121-82-4	Cyclonite [121-82-4] 	0.5 mg/m3	 		Skin
542-92-7	Cyclopentadiene [542-92-7] 	75 ppm	 		 
287-92-3	Cyclopentane [287-92-3] 	600 ppm	 		 
13121-70-5	Cyhexatin [13121-70-5] 	5 mg/m3	 		 
25155-15-1	Cymene (sum of o-,m-and p-isomers) [25155-15-1]	50 ppm	 		Skin
50-29-3	DDT [50-29-3]	1 mg/m3	 		 
17702-41-9	Decaborane [17702-41-9] 	0.05 ppm	0.15 ppm		Skin
8065-48-3	Demeton [8065-48-3] 	0.05 mg/m3 	 		Skin
919-86-8	Demeton-S-methyl [919-86-8] 	0.05 mg/m3 	 		Skin
117-81-7	Di(2-ethylhexyl)phthalate (DEHP) [117-81-7] 	3 mg/m3	5 mg/m3		 
123-42-2	Diacetone alcohol [123-42-2] 	50 ppm	 		 
61790-53-2	Diatomaceous earth (uncalcined) [61790-53-2]	3 mg/m3 	 		 
333-41-5	Diazinon [333-41-5] 	0.01 mg/m3 	 		Skin
334-88-3	Diazomethane [334-88-3] 	0.2 ppm	 		 
19287-45-7	Diborane [19287-45-7] 	0.1 ppm	 		 
2528-36-1	Dibutyl phenyl phosphate [2528-36-1] 	0.3 ppm	 		Skin
107-66-4	Dibutyl phosphate [107-66-4] 	5 mg/m3 	 		Skin
84-74-2	Dibutyl phthalate [84-74-2] 	5 mg/m3	 		 
79-43-6	Dichloroacetic acid [79-43-6] 	0.5 ppm	 		Skin
7572-29-4	Dichloroacetylene [7572-29-4] 	 		0.1 ppm	 
75-71-8	Dichlorodifluoromethane [75-71-8] 	1000 ppm	 		 
111-44-4	Dichloroethyl ether [111-44-4] 	5 ppm	10 ppm		Skin
75-43-4	Dichlorofluoromethane [75-43-4] 	10 ppm	 		 
75-09-2	Dichloromethane [75-09-2] 	50 ppm	 		 
76-14-2	Dichlorotetrafluoroethane [76-14-2] 	1000 ppm	 		 
62-73-7	Dichlorvos (DDVP) [62-73-7] 	0.1 mg/m3 	 		Skin
141-66-2	Dicrotophos [141-66-2] 	0.05 mg/m3 	 		Skin
77-73-6	Dicyclopentadiene [77-73-6] 	5 ppm	 		 
102-54-5	Dicyclopentadienyl iron, as Fe [102-54-5] 	10 mg/m3	 		 
60-57-1	Dieldrin [60-57-1] 	0.1 mg/m3 	 		Skin
68334-30-5; 68476-30-2; 68476-31-3; 68476-34-6; 77650-28-3	Diesel fuel [68334-30-5; 68476-30-2; 68476-31-3; 68476-34-6; 77650-28-3], as total hydrocarbons	100 mg/m3 	 		Skin
111-42-2	Diethanolamine [111-42-2] 	1 mg/m3 	 		Skin
96-22-0	Diethyl ketone [96-22-0] 	200 ppm	300 ppm		 
84-66-2	Diethyl phthalate [84-66-2] 	5 mg/m3	 		 
109-89-7	Diethylamine [109-89-7] 	5 ppm	15 ppm		Skin
111-90-0	Diethylene glycol monoethyl ether [111-90-0]	30 ppm	 		 
111-40-0	Diethylene triamine [111-40-0] 	1 ppm	 		Skin
75-61-6	Difluorodibromomethane [75-61-6] 	100 ppm	 		 
2238-07-5	Diglycidyl ether (DGE) [2238-07-5] 	0.01 ppm	 		 
108-83-8	Diisobutyl ketone [108-83-8] 	25 ppm	 		 
26761-40-0	Diisodecyl phthalate [26761-40-0]	5 mg/m3	 		 
108-18-9	Diisopropylamine [108-18-9] 	5 ppm	 		Skin
1861-32-1	Dimethyl 2,3,5,6-tetracholoroterephthalate [1861-32-1]	5 mg/m3	 		 
79-44-7	Dimethyl carbamoyl chloride [79-44-7] 	0.005 ppm	 		Skin 
624-92-0	Dimethyl disulfide [624-92-0]	0.5 ppm	 		Skin 
131-11-3	Dimethyl phthalate [131-11-3] 	5 mg/m3	 		 
77-78-1	Dimethyl sulfate [77-78-1] 	0.1 ppm	 		Skin
75-18-3	Dimethyl sulfide [75-18-3] 	10 ppm	 		 
120-61-6	Dimethyl terephthalate [120-61-6]	5 mg/m3	 		 
124-40-3	Dimethylamine [124-40-3] 	5 ppm	15 ppm		 
121-69-7	Dimethylaniline [121-69-7] 	5 ppm	10 ppm		Skin
14857-34-2	Dimethylethoxysilane [14857-34-2] 	0.5 ppm	1.5 ppm		 
68-12-2	Dimethylformamide [68-12-2] 	10 ppm	 		Skin
534-52-1	Dinitro-o-cresol [534-52-1] 	0.2 mg/m3	 		Skin
528-29-0; 99-65-0; 100-25-4; 25154-54-5	Dinitrobenzene, All isomers [528-29-0; 99-65-0; 100-25-4; 25154-54-5] 	0.15 ppm	 		Skin
25321-14-6	Dinitrotoluene [25321-14-6] 	0.2 mg/m3	 		Skin
78-34-2	Dioxathion [78-34-2] 	0.1 mg/m3 	 		Skin
122-39-4	Diphenylamine [122-39-4] 	10 mg/m3	 		 
123-19-3	Dipropyl ketone [123-19-3] 	50 ppm	 		 
88917-22-0	Dipropylene glycol monomethyl ether acetate [88917-22-0] 	100 ppm	150 ppm		 
2764-72-9; 85-00-7; 6385-62-2	Diquat [2764-72-9; 85-00-7; 6385-62-2] 	0.1 mg/m3 	 		Skin
97-77-8	Disulfiram [97-77-8] 	2 mg/m3	 		 
298-04-4	Disulfoton [298-04-4] 	0.05 mg/m3 	 		Skin
330-54-1	Diuron [330-54-1] 	10 mg/m3	 		 
1321-74-0	Divinyl benzene [1321-74-0] 	10 ppm	 		 
112-55-0	Dodecyl mercaptan [112-55-0] 	0.1 ppm	 		 
115-29-7	Endosulfan [115-29-7] 	0.1 mg/m3 	 		Skin
72-20-8	Endrin [72-20-8] 	0.1 mg/m3	 		Skin
13838-16-9	Enflurane [13838-16-9]	2 ppm	 		 
106-89-8	Epichlorohydrin [106-89-8] 	0.5 ppm	 		Skin
2104-64-5	EPN [2104-64-5] 	0.1 mg/m3 	 		Skin
74-84-0	Ethane [74-84-0] 	1000 ppm			 
64-17-5	Ethanol [64-17-5] 	 	1000 ppm		 
141-43-5	Ethanolamine [141-43-5]	3 ppm	6 ppm		 
563-12-2	Ethion [563-12-2] 	0.05 mg/m3 	 		Skin
141-78-6	Ethyl acetate [141-78-6] 	400 ppm	 		 
140-88-5	Ethyl acrylate [140-88-5] 	5 ppm	15 ppm		 
541-85-5	Ethyl amyl ketone [541-85-5] 	10 ppm	 		 
100-41-4	Ethyl benzene [100-41-4] 	20 ppm	 		 
74-96-4	Ethyl bromide [74-96-4] 	5 ppm	 		Skin
106-35-4	Ethyl butyl ketone [106-35-4] 	50 ppm	75 ppm		 
75-00-3	Ethyl chloride [75-00-3] 	100 ppm	 		Skin
7085-85-0	Ethyl cyanoacrylate [7085-85-0] 	0.2 ppm	 		 
60-29-7	Ethyl ether [60-29-7] 	400 ppm	500 ppm		 
109-94-4	Ethyl formate [109-94-4] 	100 ppm	 		 
75-08-1	Ethyl mercaptan [75-08-1] 	0.5 ppm	 		 
97-63-2	Ethyl methacrylate [97-63-2]	100 ppm	 		 
78-10-4	Ethyl silicate [78-10-4] 	10 ppm	 		 
637-92-3	Ethyl tert-butyl ether (ETBE) [637-92-3] 	5 ppm	 		 
763-69-9	Ethyl-3-ethoxy propionate [763-69-9]	50 ppm	 		 
75-04-7	Ethylamine [75-04-7] 	5 ppm	15 ppm		Skin
74-85-1	Ethylene [74-85-1] 	200 ppm	 		 
107-07-3	Ethylene chlorohydrin [107-07-3] 	 		1 ppm	Skin
106-93-4	Ethylene dibromide [106-93-4] 		 		Skin
107-06-2	Ethylene dichloride [107-06-2] 	10 ppm	 		 
107-21-1	Ethylene glycol [107-21-1] 	 		100 mg/m3	 
110-71-4	Ethylene glycol dimethyl ether [110-71-4] 	5 ppm	 		Skin
628-96-6	Ethylene glycol dinitrate (EGDN) [628-96-6] 	0.05 ppm	 		Skin
2807-30-9	Ethylene glycol mono-n-propyl ether [2807-30-9]	25 ppm	 		Skin
16051-48-2	Ethylene glycol mononitrate [16051-48-2]	0.05 ppm	 		Skin
75-21-8	Ethylene oxide [75-21-8] 	1 ppm	18 mg/m3		 
107-15-3	Ethylenediamine [107-15-3] 	10 ppm	 		Skin
151-56-4	Ethyleneimine [151-56-4] 	0.05 ppm	0.1 ppm		Skin
16219-75-3	Ethylidene norbornene [16219-75-3] 	 		5 ppm	 
22224-92-6	Fenamiphos [22224-92-6] 	0.05 mg/m3 	 		Skin
115-90-2	Fensulfothion [115-90-2]	0.01 mg/m3 	 		Skin
55-38-9	Fenthion [55-38-9] 	0.05 mg/m3 	 		Skin
14484-64-1	Ferbam [14484-64-1] 	5 mg/m3 	 		 
12604-58-9	Ferrovanadium dust [12604-58-9] 	1 mg/m3	3 mg/m3		 
	Flour dust	3 mg/m3			
	Fluorides, as F	2.5 mg/m3	 		 
7782-41-4	Fluorine [7782-41-4] 	1 ppm	2 ppm		 
944-22-9	Fonofos [944-22-9] 	0.01 mg/m3 	 		Skin 
26675-46-7	Forane [26675-46-7]	2 ppm	 		 
50-00-0	Formaldehyde [50-00-0] 	 	1 ppm	1.5 ppm	 
75-12-7	Formamide [75-12-7] 	10 ppm	 		Skin
64-18-6	Formic acid [64-18-6] 	5 ppm	10 ppm		 
98-01-1	Furfural [98-01-1] 	2 ppm	 		Skin
98-00-0	Furfuryl alcohol [98-00-0] 	10 ppm	15 ppm		Skin
1303-00-0	Gallium arsenide [1303-00-0] 	0.0003 mg/m3 	 		 
86290-81-5	Gasoline [86290-81-5] 	300 ppm	500 ppm		 
7782-65-2	Germanium tetrahydride [7782-65-2] 	0.2 ppm	 		 
111-30-8	Glutaraldehyde [111-30-8], activated and inactivated 	 		0.05 ppm	 
56-81-5	Glycerin mist [56-81-5] 	10 mg/m3	 		 
556-52-5	Glycidol [556-52-5] 	2 ppm	 		 
107-22-2	Glyoxal [107-22-2] 	0.1 mg/m3 	 		 
	Grain dust (oat, wheat, barley) 	4 mg/m3	 		 
7782-42-5	Graphite (all forms except graphite fibers) [7782-42-5] 	2 mg/m3 	 		 
7440-58-6	Hafnium [7440-58-6] and compounds, as Hf 	0.5 mg/m3	 		 
151-67-7	Halothane [151-67-7]	2 ppm	 		 
7440-59-7	Helium [7440-59-7] 				 
76-44-8; 1024-57-3	Heptachlor [76-44-8] and Heptachlor epoxide [1024-57-3]	0.05 mg/m3	 		Skin
142-82-5; 590-35-2; 565-59-3; 108-08-7; 591-76-4; 589-34-4	Heptane, All isomers [142-82-5; 590-35-2; 565-59-3; 108-08-7; 591-76-4; 589-34-4] 	400 ppm	500 ppm		 
112-06-1	Heptyl acetate [112-06-1]	50 ppm	 		 
118-74-1	Hexachlorobenzene [118-74-1] 	0.002 mg/m3	 		Skin
87-68-3	Hexachlorobutadiene [87-68-3] 	0.02 ppm	 		Skin
77-47-4	Hexachlorocyclopentadiene [77-47-4] 	0.01 ppm	 		 
67-72-1	Hexachloroethane [67-72-1] 	1 ppm	 		Skin
1335-87-1	Hexachloronaphthalene [1335-87-1] 	0.2 mg/m3	 		Skin
684-16-2	Hexafluoroacetone [684-16-2] 	0.1 ppm	 		Skin
116-15-4	Hexafluoropropylene [116-15-4]	0.1 ppm	 		 
85-42-7; 13149-00-3; 14166-21-3	Hexahydrophthalic anhydride, All isomers [85-42-7; 13149-00-3; 14166-21-3] 	 		0.005 mg/m3	 
680-31-9	Hexamethyl phosphoramide [680-31-9]		 		Skin
100-97-0	Hexamethylenetetramine (HMT) [100-97-0]	 	0.35 ppm		 
	Hexane, Other isomers 	500 ppm	1000 ppm		 
88230-35-7	Hexyl acetate (isomeric mixture) [88230-35-7]	50 ppm	 		 
107-41-5	Hexylene glycol [107-41-5] 	 		25 ppm	 
302-01-2	Hydrazine [302-01-2] 	0.01 ppm	 		Skin
1333-74-0	Hydrogen [1333-74-0] 				 
10035-10-6	Hydrogen bromide [10035-10-6] 	 		2 ppm	 
7647-01-0	Hydrogen chloride [7647-01-0] 	 		2 ppm	 
74-90-8; 592-01-8; 151-50-8; 143-33-9	Hydrogen cyanide and Cyanide salts, as CN Hydrogen cyanide [74-90-8] Cyanide salts [592-01-8; 151-50-8; 143-33-9]	 		5 mg/m3	Skin
7664-39-3	Hydrogen fluoride [7664-39-3], as F 	0.5ppm		2 ppm	Skin 
7722-84-1	Hydrogen peroxide [7722-84-1] 	1 ppm	 		 
7783-07-5	Hydrogen selenide [7783-07-5], as Se 	0.05 ppm	 		 
7783-06-4	Hydrogen sulfide [7783-06-4] 	10 ppm	15 ppm		 
61788-32-7	Hydrogenated terphenyls2 [61788-32-7]	0.5 ppm	 		 
123-31-9	Hydroquinone [123-31-9] 	1 mg/m3	 		 
95-13-6	Indene [95-13-6] 	5 ppm	 		 
7440-74-6	Indium [7440-74-6] and compounds, as In 	0.1 mg/m3	 		 
7553-56-2	Iodine and lodides Iodine [7553-56-2] Iodides	0.01 ppm 	0.1 ppm		 
75-47-8	Iodoform [75-47-8] 	0.6 ppm	 		 
1309-37-1	Iron oxide (Fe2 O3) [1309-37-1] 	5 mg/m3 	 		 
13463-40-6	Iron pentacarbonyl [13463-40-6], as Fe 	0.1 ppm	0.2 ppm		 
	Iron salts, soluble, as Fe 	1 mg/m3	 		 
123-51-3	Isoamyl alcohol [123-51-3] 	100 ppm	125 ppm		 
78-83-1	Isobutanol [78-83-1] 	50 ppm	 		 
110-19-0	Isobutyl acetate [110-19-0] 	150 ppm	 		 
542-56-3	Isobutyl nitrite [542-56-3] 	 		1 ppm	 
584-84-9; 91-08-7; 101-68-8; 822-06-0; 4098-71-9; 5124-30-1	Isocyanates, organic compounds Toluene diisocyanate (TDI) [584-84-9] [91-08-7] Methylene bisphenyl isocyanate (MDI) [101-68-8]  Hexamethylene diisocyanate (HDI) [822-06-0] Isophorone diisocyanate (IPDI) [4098-71-9]  Methylene bis (4-cyclohexylisocyanate) [5124-30-1]	0.005 ppm 		0.02 ppm	 
26952-21-6	Isooctyl alcohol [26952-21-6] 	50 ppm	 		Skin
78-59-1	Isophorone [78-59-1] 	 		5 ppm	 
108-21-4	Isopropyl acetate [108-21-4] 	100 ppm	200 ppm		 
108-20-3	Isopropyl ether [108-20-3] 	250 ppm	310 ppm		 
4016-14-2	Isopropyl glycidyl ether (IGE) [4016-14-2] 	50 ppm	75 ppm		 
75-31-0	Isopropylamine [75-31-0] 	5 ppm	10 ppm		 
109-56-8; 121-93-7	Isopropylaminoethanols [109-56-8; 121-93-7]	 	1900 mg/m3		 
87-33-2	Isosorbide dinitrate [87-33-2] 	0.2 mg/m3	 		Skin
1332-58-7	Kaolin [1332-58-7] 	2 mg/m3 	 		 
8008-20-6; 64742-81-0	Kerosene [8008-20-6; 64742-81-0] / Jet fuels, as total hydrocarbon vapour 	200 mg/m3 	 		Skin
463-51-4	Ketene [463-51-4] 	0.5 ppm	1.5 ppm		 
68476-85-7	L.P.G. (Liquefied petroleum gas) [68476-85-7] 	1000 ppm			 
7439-92-1	Lead [7439-92-1] elemental lead, inorganic and organic compounds of lead, as Pb  Elemental lead, inorganic and organic compounds of lead, as Pb except tetraethyl lead [78-00-2]  Tetraethyl lead, as Pb [78-00-2]	0.05 mg/m3 	0.30 mg/m3		Skin
7758-97-6	Lead chromate [7758-97-6] as Pb (see listing for Lead [7439-92-1]) as Cr	0.012 mg/m3	 		 
154-21-2	Lincomycin [154-21-2]	0.1 mg/m3	 		 
58-89-9	Lindane [58-89-9] 	0.5 mg/m3	 		Skin
7580-67-8	Lithium hydride [7580-67-8]	0.025 mg/m3	 		 
1310-65-2; 1310-66-3	Lithium hydroxide Anhydrous [1310-65-2]  Monohydrate [1310-66-3]	 	1 mg/m3		 
108-45-2	m-Phenylenediamine [108-45-2] 	0.1 mg/m3	 		 
626-17-5	m-Phthalodinitrile [626-17-5] 	5 mg/m3 	 		 
108-44-1	m-Toluidine [108-44-1] 	2 ppm	 		Skin
1477-55-0	m-Xylene α,α'- diamine [1477-55-0] 	 		0.1 mg/m3	Skin
546-93-0	Magnesite (total dust) [546-93-0] 	10 mg/m3 	 		 
1309-48-4	Magnesium oxide [1309-48-4] 	10 mg/m3 	 		 
121-75-5	Malathion [121-75-5] 	1 mg/m3 	 		Skin
108-31-6	Maleic anhydride [108-31-6] 	0.01 mg/m3 	 		 
7439-96-5	Manganese [7439-96-5] and inorganic compounds, as Mn	0.2 mg/m3	 		 
12079-65-1	Manganese cyclopentadienyl tricarbonyl [12079-65-1], as Mn 	0.1 mg/m3	 		Skin
7439-97-6	Mercury [7439-97-6], elemental mercury, inorganic and organic compounds of mercury, as Hg All forms of except alkyl, as Hg Alkyl compounds of, as Hg	0.01 mg/m3	0.03 mg/m3		Skin
141-79-7	Mesityl oxide [141-79-7] 	15 ppm	25 ppm		 
79-41-4	Methacrylic acid [79-41-4] 	20 ppm	 		 
74-82-8	Methane [74-82-8] 	1000 ppm			 
67-56-1	Methanol [67-56-1] 	200 ppm	250 ppm		Skin
16752-77-5	Methomyl [16752-77-5] 	2.5 mg/m3	 		 
72-43-5	Methoxychlor [72-43-5] 	10 mg/m3	 		 
76-38-0	Methoxyflurane [76-38-0] 	2 ppm	 		 
137-05-3	Methyl 2-cyanoacrylate [137-05-3] 	0.2 ppm	 		 
79-20-9	Methyl acetate [79-20-9] 	200 ppm	250 ppm		 
74-99-7	Methyl acetylene [74-99-7] 	1000 ppm	 		 
59355-75-8	Methyl acetylene-propadiene mixture (MAPP) [59355-75-8] 	1000 ppm	1250 ppm		 
96-33-3	Methyl acrylate [96-33-3] 	2 ppm	 		Skin
74-83-9	Methyl bromide [74-83-9] 	1 ppm	 		Skin
74-87-3	Methyl chloride [74-87-3] 	50 ppm	100 ppm		Skin
71-55-6	Methyl chloroform [71-55-6] 	350 ppm	450 ppm		 
8022-00-2	Methyl demeton [8022-00-2] 	0.05 mg/m3 	 		Skin
78-93-3	Methyl ethyl ketone (MEK) [78-93-3] 	200 ppm	300 ppm		 
1338-23-4	Methyl ethyl ketone peroxide [1338-23-4] 	 		0.2 ppm	 
107-31-3	Methyl formate [107-31-3] 	100 ppm	150 ppm		 
60-34-4	Methyl hydrazine [60-34-4] 	0.01 ppm	 		Skin
74-88-4	Methyl iodide [74-88-4] 	2 ppm	 		Skin
110-12-3	Methyl isoamyl ketone [110-12-3] 	50 ppm	 		 
108-11-2	Methyl isobutyl carbinol [108-11-2]	25 ppm	40 ppm		Skin
108-10-1	Methyl isobutyl ketone [108-10-1] 	20 ppm	75 ppm		 
624-83-9	Methyl isocyanate [624-83-9]	0.02 ppm	 		Skin
563-80-4	Methyl isopropyl ketone [563-80-4] 	20 ppm	 		 
74-93-1	Methyl mercaptan [74-93-1] 	0.5 ppm	 		 
80-62-6	Methyl methacrylate [80-62-6] 	50 ppm	100 ppm		 
110-43-0	Methyl n-amyl ketone [110-43-0] 	25 ppm	 		 
591-78-6	Methyl n-butyl ketone [591-78-6] 	1 ppm	 		Skin
298-00-0	Methyl parathion [298-00-0] 	0.02 mg/m3 	 		Skin
107-87-9	Methyl propyl ketone [107-87-9]	 	150 ppm		 
681-84-5	Methyl silicate [681-84-5]	1 ppm	 		 
1634-04-4	Methyl tert-butyl ether (MTBE) [1634-04-4] 	40 ppm	 		 
78-94-4	Methyl vinyl ketone [78-94-4] 	 		0.2 ppm	Skin
126-98-7	Methylacrylonitrile [126-98-7] 	1 ppm	 		Skin
109-87-5	Methylal [109-87-5] 	1000 ppm	 		 
74-89-5	Methylamine [74-89-5] 	5 ppm	15 ppm		 
108-87-2	Methylcyclohexane [108-87-2] 	400 ppm	 		 
25639-42-3	Methylcyclohexanol [25639-42-3] 	50 ppm	 		 
21087-64-9	Metribuzin [21087-64-9] 	5 mg/m3	 		 
7786-34-7	Mevinphos [7786-34-7] 	0.01 mg/m3 	 		Skin
12001-26-2	Mica [12001-26-2] 	3 mg/m3 	 		 
8012-95-1	Mineral oil [8012-95-1], excluding metal working fluids Pure, highly and severely refined Poorly and mildly refined 	5 mg/m3	 		 
	Mineral Spirits	525 mg/m3	 		 
7439-98-7	Molybdenum [7439-98-7], as Mo Soluble compounds Metal and insoluble compounds	0.5 mg/m3 	 		 
79-11-8	Monochloroacetic acid [79-11-8]	0.5 ppm 	 		Skin
6923-22-4	Monocrotophos [6923-22-4] 	0.05 mg/m3 	 		Skin
110-91-8	Morpholine [110-91-8] 	20 ppm	 		Skin
71-36-3	n-Butanol [71-36-3] 	20 ppm	 		 
123-86-4	n-Butyl acetate [123-86-4] 	150 ppm	200 ppm		 
141-32-2	n-Butyl acrylate [141-32-2] 	2 ppm	 		 
2426-08-6	n-Butyl glycidyl ether (BGE) [2426-08-6] 	3 ppm	 		Skin
138-22-7	n-Butyl lactate [138-22-7] 	5 ppm	 		 
109-79-5	n-Butyl mercaptan [109-79-5] 	0.5 ppm	 		 
109-73-9	n-Butylamine [109-73-9] 	 		5 ppm	Skin
1541-81-7	N-Cocomorpholine [1541-81-7] 	5 ppm	 		Skin
100-74-3	N-Ethylmorpholine [100-74-3] 	5 ppm	 		Skin
110-54-3	n-Hexane [110-54-3] 	50 ppm	 		Skin
768-52-5	N-Isopropylaniline [768-52-5] 	2 ppm	 		Skin
100-61-8	N-Methyl aniline [100-61-8] 	0.5 ppm	 		Skin
872-50-4	N-Methyl-2-pyrrolidone [872-50-4]	400 mg/m3	 		 
62-75-9	N-Nitrosamines, including n-Nitrosodimethylamine [62-75-9]		 		Skin
135-88-6	N-Phenyl-β-naphthylamine [135-88-6] 		 		 
71-23-8	n-Propanol (n-Propyl alcohol) [71-23-8] 	100 ppm	 		 
109-60-4	n-Propyl acetate [109-60-4] 	200 ppm	250 ppm		 
627-13-4	n-Propyl nitrate [627-13-4] 	25 ppm	40 ppm		 
110-62-3	n-Valeraldehyde [110-62-3] 	50 ppm	 		 
88-12-0	N-Vinyl-2-pyrrolidone [88-12-0] 	0.05 ppm	 		 
98-94-2	N, N-Dimethyl-cyclohexylamine [98-94-2]	 	26 mg/m3		 
108-01-0	N, N-Dimethyl-ethanolamine [108-01-0]	3 ppm	22 mg/m3		 
127-19-5	N,N-Dimethylacetamide [127-19-5] 	10 ppm	 		Skin
300-76-5	Naled [300-76-5] 	0.1 mg/m3 	 		Skin
91-20-3	Naphthalene [91-20-3] 	10 ppm	15 ppm		Skin
8006-14-2	Natural gas [8006-14-2] 	1000 ppm			 
9006-04-6	Natural rubber latex [9006-04-6], as inhalable allergenic proteins	0.0001 mg/m3 	 		Skin
7440-01-9	Neon [7440-01-9] 				 
37244-96-5	Nepheline syenite (total dust) [37244-96-5]	10 mg/m3	 		 
13463-39-3	Nickel carbonyl [13463-39-3], as Ni 	0.05 ppm	 		 
7440-02-0; 7440-02-0; 12035-72-2	Nickel Elemental/metal [7440-02-0] Insoluble compounds, as Ni [7440-02-0] Soluble compounds, as Ni [7440-02-0] Nickel subsulfide, as Ni [12035-72-2]	0.1 mg/m3 	 		 
54-11-5	Nicotine [54-11-5] 	0.5 mg/m3	 		Skin
1929-82-4	Nitrapyrin [1929-82-4] 	10 mg/m3	20 mg/m3		 
7697-37-2	Nitric acid [7697-37-2] 	2 ppm	4 ppm		 
10102-43-9	Nitric oxide [10102-43-9] 	25 ppm	 		 
98-95-3	Nitrobenzene [98-95-3] 	1 ppm	 		Skin
79-24-3	Nitroethane [79-24-3] 	100 ppm	 		 
7727-37-9	Nitrogen [7727-37-9] 				 
10102-44-0	Nitrogen dioxide [10102-44-0] 	3 ppm	5 ppm		 
7783-54-2	Nitrogen trifluoride [7783-54-2] 	10 ppm	 		 
55-63-0	Nitroglycerin (NG) [55-63-0] 	0.05 ppm	 		Skin
75-52-5	Nitromethane [75-52-5] 	20 ppm	 		 
88-72-2; 99-08-1; 99-99-0	Nitrotoluene, All isomers [88-72-2; 99-08-1; 99-99-0] 	2 ppm	 		Skin
10024-97-2	Nitrous oxide [10024-97-2] 	25 ppm	 		 
111-84-2	Nonane [111-84-2], All isomers 	200 ppm	 		 
90-04-0	o-Anisidine [90-04-0] 	0.5 mg/m3	 		Skin
89-98-5	o-Chlorobenzaldehyde [89-98-5]	 	4 ppm		 
2698-41-1	o-Chlorobenzylidene malononitrile [2698-41-1] 	 		0.05 ppm	Skin
2039-87-4	o-Chlorostyrene [2039-87-4] 	50 ppm	75 ppm		 
95-49-8	o-Chlorotoluene [95-49-8] 	50 ppm	 		 
95-50-1	o-Dichlorobenzene [95-50-1] 	25 ppm	50 ppm		 
583-60-8	o-Methylcyclohexanone [583-60-8] 	50 ppm	75 ppm		Skin
95-54-5	o-Phenylenediamine [95-54-5] 	0.1 mg/m3	 		 
89-72-5	o-sec-Butylphenol [89-72-5] 	5 ppm	 		Skin
119-93-7	o-Tolidine [119-93-7] 		 		Skin
95-53-4	o-Toluidine [95-53-4] 	2 ppm	 		Skin
2234-13-1	Octachloronaphthalene [2234-13-1] 	0.1 mg/m3	0.3 mg/m3		Skin
111-65-9	Octane, All isomers [111-65-9]	300 ppm	 		 
20816-12-0	Osmium tetroxide [20816-12-0], as Os	0.0002 ppm	0.0006 ppm		 
144-62-7	Oxalic acid [144-62-7] 	1 mg/m3	2 mg/m3		 
7783-41-7	Oxygen difluoride [7783-41-7] 	 		0.05 ppm	 
10028-15-6	Ozone [10028-15-6] 	0.1 ppm	0.3 ppm		 
104-94-9	p-Anisidine [104-94-9] 	0.5 mg/m3	 		Skin
106-46-7	p-Dichlorobenzene [106-46-7] 	10 ppm	 		 
100-01-6	p-Nitroaniline [100-01-6] 	3 mg/m3	 		Skin
100-00-5	p-Nitrochlorobenzene [100-00-5] 	0.1 ppm	 		Skin
106-50-3	p-Phenylenediamine [106-50-3] 	0.1 mg/m3	 		 
98-51-1	p-tert-Butyl toluene [98-51-1] 	1 ppm	 		 
106-49-0	p-Toluidine [106-49-0] 	2 ppm	 		Skin
80-51-3	p,p'-Oxybis(benzenesulfonyl hydrazide) [80-51-3]	0.1 mg/m3 	 		 
8002-74-2	Paraffin wax fume [8002-74-2] 	2 mg/m3	 		 
4685-14-7	Paraquat [4685-14-7] 	0.1 mg/m3	 		 
56-38-2	Parathion [56-38-2] 	0.05 mg/m3 	 		Skin
	Particles (Insoluble or Poorly Soluble) Not Otherwise Specified (PNOS)	3 mg/m3	 		 
1406-05-9	Penicillin (total dust) [1406-05-9]	0.1 mg/m3	 		 
19624-22-7	Pentaborane [19624-22-7] 	0.005 ppm	0.015 ppm		 
1321-64-8	Pentachloronaphthalene [1321-64-8] 	0.5 mg/m3	 		Skin
82-68-8	Pentachloronitrobenzene [82-68-8] 	0.5 mg/m3	 		 
87-86-5	Pentachlorophenol [87-86-5] 	0.5 mg/m3	 		Skin
115-77-5	Pentaerythritol [115-77-5] 	10 mg/m3	 		 
4196-86-5	Pentaerythritol tetrabenzoate [4196-86-5] 	 	2 mg/m3		 
78-78-4; 109-66-0; 463-82-1	Pentane, All isomers [78-78-4; 109-66-0; 463-82-1]	600 ppm	 		 
628-63-7; 626-38-0; 123-92-2; 625-16-1; 624-41-9; 620-11-1	Pentyl acetate, All isomers [628-63-7; 626-38-0; 123-92-2; 625-16-1; 624-41-9; 620-11-1] 	50 ppm	100 ppm		 
594-42-3	Perchloromethyl mercaptan [594-42-3] 	0.1 ppm	 		 
7616-94-6	Perchloryl fluoride [7616-94-6] 	3 ppm	6 ppm		 
19430-93-4	Perfluorobutyl ethylene [19430-93-4] 	100 ppm	 		 
382-21-8	Perfluoroisobutylene [382-21-8] 	 		0.01 ppm	 
	Perlite	10 mg/m3	 		 
	Persulfates, as persulfate 	0.1 mg/m3	 		 
64741-79-3	Petroleum coke (total dust) [64741-79-3]	3.5 mg/m3 	 		 
	Petroleum ether		 		 
108-95-2	Phenol [108-95-2] 	5 ppm	 		Skin
92-84-2	Phenothiazine [92-84-2] 	5 mg/m3	 		Skin
101-84-8	Phenyl ether [101-84-8], vapor 	1 ppm	2 ppm		 
122-60-1	Phenyl glycidyl ether (PGE) [122-60-1] 	0.1 ppm	 		Skin
108-98-5	Phenyl mercaptan [108-98-5] 	0.1 ppm	 		Skin
100-63-0	Phenylhydrazine [100-63-0] 	0.1 ppm	 		Skin
638-21-1	Phenylphosphine [638-21-1] 	 		0.05 ppm	 
298-02-2	Phorate [298-02-2] 	0.05 mg/m3 	 		Skin
75-44-5	Phosgene [75-44-5] 	0.1 ppm	 		 
7803-51-2	Phosphine [7803-51-2] 	0.3 ppm	1 ppm		 
7664-38-2	Phosphoric acid [7664-38-2] 	1 mg/m3	3 mg/m3		 
12185-10-3	Phosphorus (yellow) [12185-10-3] 	0.1 mg/m3	 		 
10025-87-3	Phosphorus oxychloride [10025-87-3] 	0.1 ppm	 		 
10026-13-8	Phosphorus pentachloride [10026-13-8] 	0.1 ppm	 		 
1314-80-3	Phosphorus pentasulfide [1314-80-3] 	1 mg/m3	3 mg/m3		 
7719-12-2	Phosphorus trichloride [7719-12-2] 	0.2 ppm	0.5 ppm		 
85-44-9	Phthalic anhydride [85-44-9] 	1 ppm	 		 
1918-02-1	Picloram [1918-02-1] 	10 mg/m3	 		 
88-89-1	Picric acid [88-89-1] 	0.1 mg/m3	 		Skin
83-26-1	Pindone [83-26-1] 	0.1 mg/m3	 		 
142-64-3	Piperazine dihydrochloride [142-64-3] 	5 mg/m3	 		 
7440-06-4	Platinum [7440-06-4] Metal  Water-soluble compounds of, including chloroplatinates (as Pt)	0.002 mg/m3	 		 
	Polychlorinated biphenyls (PCBs)2	0.05 mg/m3	 		 
9002-86-2	Polyvinyl chloride (PVC) [9002-86-2]	1 mg/m3 	 		 
65997-15-1	Portland cement [65997-15-1] 	1 mg/m3 	 		 
1310-58-3	Potassium hydroxide [1310-58-3] 	 		2 mg/m3	 
	Poultry dust (total dust)	5 mg/m3	 		 
1343-98-2	Precipitated silica (total dust) [1343-98-2]	10 mg/m3	 		 
74-98-6	Propane [74-98-6] 	1000 ppm			 
1120-71-4	Propane sultone [1120-71-4] 		 		 
107-19-7	Propargyl alcohol [107-19-7] 	1 ppm	 		Skin
123-38-6	Propionaldehyde [123-38-6] 	20 ppm	 		 
79-09-4	Propionic acid [79-09-4] 	10 ppm	 		 
114-26-1	Propoxur [114-26-1] 	0.5 mg/m3	 		 
115-07-1	Propylene [115-07-1] 	500 ppm	 		 
78-87-5	Propylene dichloride [78-87-5] 	10 ppm	 		 
6423-43-4	Propylene glycol dinitrate [6423-43-4] 	0.05 ppm	 		Skin
108-65-6	Propylene glycol monomethyl ether acetate [108-65-6]	50 ppm	 		 
75-56-9	Propylene oxide [75-56-9] 	2 ppm	 		 
75-55-8	Propyleneimine [75-55-8] 	0.2 ppm	0.4 ppm		Skin
8003-34-7	Pyrethrum [8003-34-7] 	5 mg/m3	 		 
110-86-1	Pyridine [110-86-1] 	1 ppm	 		 
106-51-4	Quinone [106-51-4] 	0.1 ppm	 		 
108-46-3	Resorcinol [108-46-3] 	10 ppm	20 ppm		 
7440-16-6	Rhodium [7440-16-6], as Rh Metal and Insoluble compounds  Soluble compounds	0.01 mg/m3	 		 
299-84-3	Ronnel [299-84-3] 	5 mg/m3 	 		 
8050-09-7	Rosin core solder thermal decomposition products (colophony) [8050-09-7] 		 		 
83-79-4	Rotenone (commercial) [83-79-4] 	5 mg/m3	 		 
8030-30-6	Rubber Solvent (Naphtha) [8030-30-6]		 		 
78-92-2	sec-Butanol [78-92-2]	100 ppm	 		 
105-46-4	sec-Butyl acetate [105-46-4] 	200 ppm	 		 
108-84-9	sec-Hexyl acetate [108-84-9] 	50 ppm	 		 
7782-49-2	Selenium [7782-49-2] and compounds, as Se 	0.2 mg/m3	 		 
7783-79-1	Selenium hexafluoride [7783-79-1], as Se 	0.025 ppm	 		 
136-78-7	Sesone [136-78-7] 	10 mg/m3	 		 
9000-59-3	Shellac dust (total dust) [9000-59-3]	10 mg/m3	 		 
69012-64-2	Silica fume [69012-64-2]	2 mg/m3 	 		 
60676-86-0	Silica fused [60676-86-0]	0.1 mg/m3 	 		 
112926-00-8	Silica gel [112926-00-8]	10 mg/m3	 		 
14808-60-7; 1317-95-9	Silica, Crystalline Quartz/Tripoli [14808-60-7; 1317-95-9]  Cristobalite [14464-46-1]	0.05 mg/m3 	 		 
7440-21-3	Silicon (total dust) [7440-21-3]	10 mg/m3	 		 
409-21-2	Silicon carbide [409-21-2]  Non-fibrous   Fibrous (including whiskers)	3 mg/m3 	 		 
7803-62-5	Silicon tetrahydride [7803-62-5] 	5 ppm	 		 
7440-22-4	Silver [7440-22-4] Metal, dust and fume Soluble Compounds, as Ag	0.01 mg/m3	 		 
	Sisal dust (total dust)	2 mg/m3	 		 
68918-36-5	Soap dust [68918-36-5]	5 mg/m3	 		 
26628-22-8	Sodium azide [26628-22-8]  as Sodium azide  as Hydrazoic acid vapour		 	0.29 mg/m3	 
7631-90-5	Sodium bisulfite [7631-90-5] 	5 mg/m3	 		 
62-74-8	Sodium fluoroacetate [62-74-8] 	0.05 mg/m3	 		Skin
1310-73-2	Sodium hydroxide [1310-73-2] 	 		2 mg/m3	 
7681-57-4	Sodium metabisulfite [7681-57-4] 	5 mg/m3	 		 
1695-77-8	Spectinomycin [1695-77-8]	2 mg/m3	 		 
9005-25-8	Starch [9005-25-8] 	10 mg/m3	 		 
	Stearates (J)	10 mg/m3	 		 
8052-41-3	Stoddard solvent [8052-41-3] 	100 ppm	 		 
7789-06-2	Strontium chromate [7789-06-2], as Cr 	0.0005 mg/m3	 		 
57-24-9	Strychnine [57-24-9] 	0.15 mg/m3	 		 
100-42-5	Styrene - monomer [100-42-5] 	35 ppm	100 ppm		 
1395-21-7; 9014-01-1	Subtilisins [1395-21-7; 9014-01-1], as crystalline active enzyme	 		0.00006 mg/m3	 
57-50-1	Sucrose [57-50-1] 	10 mg/m3	 		 
74222-97-2	Sulfometuron methyl [74222-97-2] 	5 mg/m3	 		 
3689-24-5	Sulfotepp (TEDP) [3689-24-5] 	0.1 mg/m3 	 		Skin
7446-09-5	Sulfur dioxide [7446-09-5] 	2 ppm	5 ppm		 
2551-62-4	Sulfur hexafluoride [2551-62-4] 	1000 ppm	 		 
10025-67-9	Sulfur monochloride [10025-67-9] 	 		1 ppm	 
5714-22-7	Sulfur pentafluoride [5714-22-7] 	 		0.01 ppm	 
7783-60-0	Sulfur tetrafluoride [7783-60-0] 	 		0.1 ppm	 
7664-93-9	Sulfuric acid [7664-93-9] 	0.2 mg/m3 	 		 
2699-79-8	Sulfuryl fluoride [2699-79-8] 	5 ppm	10 ppm		 
35400-43-2	Sulprofos [35400-43-2] 	0.1 mg/m3 	 		Skin 
	Synthetic Vitreous Fibres (Man Made Mineral Fibres) Continuous filament glass fibres Continuous filament glass fibres Glass wool fibres  Refractory ceramic fibres Rock wool fibres  Slag wool fibres  Special purpose glass fibres  Synthetic Vitreous Fibres, not otherwise classified (excluding fibrous glass dust and mineral wool fibre)	5 mg/m3 	 		 
14807-96-6	Talc [14807-96-6], containing no asbestos	2 mg/m3 	 		 
13494-80-9	Tellurium [13494-80-9] and compounds (NOS), as Te, excluding hydrogen telluride 	0.1 mg/m3	 		 
7783-80-4	Tellurium hexafluoride [7783-80-4], as Te 	0.01 ppm	 		 
3383-96-8	Temephos [3383-96-8] 	1 mg/m3 	 		Skin
13071-79-9	Terbufos [13071-79-9] 	0.01 mg/m3 	 		Skin
100-21-0	Terephthalic acid [100-21-0] 	10 mg/m3	 		 
26140-60-3	Terphenyls [26140-60-3] 	 		5 mg/m3	 
994-05-8	tert-Amyl methyl ether (TAME) [994-05-8] 	20 ppm	 		 
75-65-0	tert-Butanol [75-65-0] 	100 ppm	 		 
540-88-5	tert-Butyl acetate [540-88-5] 	200 ppm	 		 
1189-85-1	tert-Butyl chromate, as CrO3 [1189-85-1] 	 		0.1 mg/m3	Skin
127-18-4	Tetrachloroethylene [127-18-4]	25 ppm	100 ppm		 
1335-88-2	Tetrachloronaphthalene [1335-88-2] 	2 mg/m3	 		 
117-08-8	Tetrachlorophathalic anhydride [117-08-8]	0.1 mg/m3	 		 
25167-83-3	Tetrachlorophenol [25167-83-3]	0.5 mg/m3	 		Skin
107-49-3	Tetraethyl pyrophosphate (TEPP) [107-49-3] 	0.01 mg/m3 	 		Skin
116-14-3	Tetrafluoroethylene [116-14-3] 	2 ppm	 		 
109-99-9	Tetrahydrofuran [109-99-9] 	50 ppm	100 ppm		Skin
124-64-1; 55566-30-8	Tetrakis (hydroxymethyl) phosphonium salts Tetrakis (hydroxymethyl) phosphonium chloride [124-64-1]  Tetrakis (hydroxymethyl) phosphonium sulfate [55566-30-8]	2 mg/m3	 		 
3333-52-6	Tetramethyl succinonitrile [3333-52-6] 	0.5 ppm	 		Skin
509-14-8	Tetranitromethane [509-14-8] 	0.005 ppm	 		 
7722-88-5	Tetrasodium pyrophosphate [7722-88-5]	5 mg/m3	 		 
479-45-8	Tetryl [479-45-8] 	1.5 mg/m3	 		 
7440-28-0	Thallium [7440-28-0] and  compounds, as Tl	0.02 mg/m3 	 		Skin
68-11-1	Thioglycolic acid [68-11-1] 	1 ppm	 		Skin
7719-09-7	Thionyl chloride [7719-09-7] 	 		0.2 ppm	 
137-26-8	Thiram [137-26-8] 	0.05 mg/m3 	 		 
7440-31-5	Tin [7440-31-5], as Sn Metal Oxide and inorganic compounds, as Sn, except tin hydride  Organic compounds, as Sn	0.1 mg/m3	 		Skin
13463-67-7	Titanium dioxide [13463-67-7] 	10 mg/m3	 		 
108-88-3	Toluene [108-88-3] 	20 ppm	 		 
126-73-8	Tributyl phosphate [126-73-8] 	0.2 ppm	 		 
76-03-9	Trichloroacetic acid [76-03-9] 	1 ppm	 		 
79-01-6	Trichloroethylene [79-01-6] 	10 ppm	25 ppm		 
75-69-4	Trichlorofluoromethane [75-69-4] 	 		1000 ppm	 
1321-65-9	Trichloronaphthalene [1321-65-9] 	5 mg/m3	 		Skin
52-68-6	Trichlorphon [52-68-6] 	1 mg/m3 	 		 
102-71-6	Triethanolamine [102-71-6] 	0.5 ppm	 		 
121-44-8	Triethylamine [121-44-8] 	1 ppm	3 ppm		Skin
280-57-9	Triethylenediamine [280-57-9]	1 ppm	 		Skin
112-24-3	Triethylenetetramine [112-24-3] 	0.5 ppm	 		Skin
75-63-8	Trifluorobromomethane [75-63-8] 	1000 ppm	 		 
552-30-7	Trimellitic anhydride [552-30-7] 	0.0005 mg/m3 	0.002 mg/m3		Skin 
2768-02-7	Trimethoxyvinylsilane [2768-02-7]	 	60 mg/m3		 
25551-13-7	Trimethyl benzene (mixed isomers) [25551-13-7] 	25 ppm	 		 
121-45-9	Trimethyl phosphite [121-45-9] 	2 ppm	 		 
75-50-3	Trimethylamine [75-50-3] 	5 ppm	15 ppm		 
78-30-8	Triorthocresyl phosphate [78-30-8] 	0.1 mg/m3	 		Skin
115-86-6	Triphenyl phosphate [115-86-6] 	3 mg/m3	 		 
25155-23-1	Trixylylphosphate [25155-23-1]	0.1 mg/m3	 		 
7440-33-7	Tungsten [7440-33-7], as W Metal and insoluble compounds  Soluble compounds	1 mg/m3	3 mg/m3		 
8006-64-2; 80-56-8; 127-91-3; 13466-78-9	Turpentine [8006-64-2] and selected monoterpenes [80-56-8; 127-91-3; 13466-78-9] 	20 ppm	 		 
7440-61-1	Uranium (natural) [7440-61-1] Soluble and insoluble compounds, as U	0.2 mg/m3	0.6 mg/m3		 
1314-62-1	Vanadium pentoxide [1314-62-1] as V	0.05 mg/m3 	 		 
	Vegetable oils (mists) except mists of irritant oils such as oils of castor and cashew nut 	10 mg/m3	 		 
108-05-4	Vinyl acetate [108-05-4] 	10 ppm	15 ppm		 
593-60-2	Vinyl bromide [593-60-2] 	0.5 ppm	 		 
75-01-04	Vinyl chloride [75-01-04] 	1 ppm	 		 
106-87-6	Vinyl cyclohexene dioxide [106-87-6] 	0.1 ppm	 		Skin
75-02-5	Vinyl fluoride [75-02-5] 	1 ppm	 		 
25013-15-4	Vinyl toluene [25013-15-4] 	50 ppm	100 ppm		 
75-35-4	Vinylidene chloride [75-35-4] 	1 ppm	20 ppm		 
75-38-7	Vinylidene fluoride [75-38-7] 	500 ppm	 		 
8032-32-4	VM & P Naphtha [8032-32-4]		 		 
81-81-2	Warfarin [81-81-2] 	0.1 mg/m3	 		 
	Wheat flour dust (total dust)	3 mg/m3	 		 
	Wood dust Certain hardwoods as beech and oak Softwood	1 mg/m3	10 mg/m3		 
1330-20-7; 95-47-6; 108-38-3; 106-42-3	Xylene [1330-20-7] (o, m & p isomers) [95-47-6; 108-38-3; 106-42-3] 	100 ppm	150 ppm		 
1300-73-8	Xylidine (mixed isomers) [1300-73-8] 	0.5 ppm 	 		Skin
7440-65-5	Yttrium [7440-65-5] and compounds, as Y 	1 mg/m3	 		 
7646-85-7	Zinc chloride fume [7646-85-7] 	1 mg/m3	2 mg/m3		 
13530-65-9; 11103-86-9; 37300-23-5	Zinc chromates [13530-65-9; 11103-86-9; 37300-23-5], as Cr	0.01 mg/m3	 		 
1314-13-2	Zinc oxide [1314-13-2] 	2 mg/m3 	10 mg/m3		 
7440-67-7	Zirconium [7440-67-7] and compounds, as Zr 	5 mg/m3	10 mg/m3		 
98-83-9	α-Methyl styrene [98-83-9] 	10 ppm	 		 
126-99-8	β-Chloroprene [126-99-8] 	10 ppm	 		Skin
91-59-8	β-Naphthylamine [91-59-8] 		 		 
57-57-8	β-Propiolactone [57-57-8] 	0.5 ppm	 		 
